1,Lilyan,68272 Ilene Circle,94597
2,Robert,2 Express Trail,3884
3,Harriott,9702 Blue Bill Park Circle,64830
4,Hillary,732 Clove Drive,6373
5,April,40 Garrison Court,31995
6,Terrill,5 Riverside Way,19255
7,Hillyer,003 Havey Trail,92907
8,Myrlene,196 Bultman Terrace,15857
9,Rania,1 Scott Parkway,9008
10,Rodd,4 Shasta Way,23816
11,Salvidor,0 Arrowood Way,48071
12,Margi,846 Killdeer Street,85816
13,Denyse,62 Mesta Crossing,53533
14,Alis,5285 Troy Junction,18212
15,Vita,00 Hallows Crossing,67226
16,Lev,955 Fair Oaks Terrace,42605
17,Cornela,78271 Pine View Hill,52726
18,Neila,6414 Dixon Road,3857
19,Trevar,26 Sunbrook Road,13255
20,Moishe,103 Hagan Trail,79394
21,Mona,05 Sachs Hill,52974
22,Fitzgerald,77578 Ohio Alley,90331
23,Delmar,4557 Glendale Trail,33926
24,Rhett,3 Glacier Hill Trail,30011
25,Lenci,76036 Carioca Lane,28105
26,Araldo,6702 Pond Circle,3701
27,Oren,96632 Loeprich Trail,86361
28,Kirby,29743 Eagan Park,94348
29,Ava,95794 Katie Court,99269
30,Pooh,47691 Oriole Lane,93074
31,Petunia,500 Spenser Junction,52752
32,Agnesse,87616 Nevada Court,99115
33,Tedmund,600 Utah Trail,62372
34,Jany,3385 Meadow Valley Road,91657
35,Turner,4 Sundown Lane,57337
36,Willey,8 Esch Terrace,21586
37,Kelli,03 Daystar Hill,48462
38,Roselia,6071 Bonner Way,414
39,Dasya,2 High Crossing Junction,74907
40,Bryana,9 International Circle,55264
41,Aileen,3482 Valley Edge Point,10654
42,Prudy,5 Kropf Center,13174
43,Etienne,0 Lindbergh Road,2867
44,Perkin,1 Buhler Circle,33825
45,Wolfie,54 Glendale Park,49543
46,Connor,94077 Anzinger Hill,40187
47,Arvie,40841 Ruskin Park,74399
48,Rivalee,020 Scott Place,70059
49,Raffarty,9 La Follette Junction,71360
50,Tyne,77789 John Wall Pass,29061
51,Diarmid,06 Sutherland Point,26524
52,Mickie,67678 Buell Center,43694
53,Corenda,597 Stuart Crossing,60999
54,Aland,33 Dixon Road,34910
55,Savina,2 Lerdahl Street,63446
56,Archaimbaud,4398 Helena Trail,20601
57,Verene,94529 Corry Junction,85006
58,Gaylord,4 Westend Alley,26537
59,May,4 Waubesa Way,484
60,Samantha,3 Oxford Junction,4599
61,Joleen,02 Northridge Court,47276
62,Thalia,7315 Mesta Avenue,14958
63,Ellerey,8394 Hintze Alley,27153
64,Tremain,52783 Cardinal Alley,55593
65,Lizabeth,342 Forest Alley,21428
66,Eve,502 Hudson Crossing,51476
67,Edin,517 Rigney Center,72888
68,Damaris,3 Prairieview Street,55269
69,Nessa,982 Carpenter Avenue,74402
70,Nert,97269 Fuller Parkway,57386
71,Decca,67 Arapahoe Circle,3275
72,Paddy,9232 Dottie Center,1211
73,Nelle,3032 Eastwood Terrace,99433
74,Willie,80 Sloan Trail,11773
75,Isador,1 Blaine Junction,38689
76,Beilul,2 Thackeray Lane,94348
77,Daveen,099 Oneill Court,23946
78,Adriena,88245 Schlimgen Lane,44335
79,Yulma,125 John Wall Court,12328
80,Alwyn,72391 Declaration Terrace,74837
81,Coop,72 Westridge Hill,1109
82,Alistair,21 Village Green Alley,6058
83,Carlynne,52 North Alley,37362
84,Maggy,2568 Delladonna Place,47
85,Christina,9001 Duke Circle,22346
86,Hunt,720 Monica Hill,90468
87,Link,72065 Surrey Road,10947
88,Lorrayne,31 Moulton Point,32212
89,Lynett,1092 Straubel Court,37819
90,Meade,3 Pond Terrace,42350
91,La verne,26 Ridgeview Terrace,37150
92,Barby,4 Maple Plaza,20758
93,Tibold,022 Macpherson Lane,5925
94,Sheppard,6 Barby Place,23327
95,Phil,9 Monument Alley,67373
96,Lockwood,9873 Oak Valley Road,29713
97,Tildie,77 Daystar Point,8291
98,Marty,607 Monica Plaza,97947
99,Erena,8 Glacier Hill Lane,46464
100,Yank,6280 Lindbergh Lane,83784
101,Felike,1 West Point,91461
102,Henderson,96 Washington Street,76046
103,Rois,760 Marcy Way,1254
104,Joana,58 Menomonie Junction,30450
105,Fletch,3 Sommers Crossing,743
106,Huntlee,74 Bunting Trail,16137
107,Collete,500 Orin Street,79431
108,Randolph,804 Blackbird Center,58677
109,Tresa,25 Straubel Street,75089
110,Richardo,724 Katie Center,80887
111,Tremain,9727 Onsgard Lane,20338
112,Danni,3 Warrior Court,48972
113,Carol,14 Michigan Court,37358
114,Salomo,74 Morning Lane,12107
115,Taddeo,0140 Shasta Street,49594
116,Jolyn,6 Havey Circle,81427
117,Edan,5969 Center Plaza,60641
118,Brandie,5 Shasta Junction,49257
119,Minne,911 Grim Road,83756
120,Fancy,9 Spaight Lane,74722
121,Arthur,1 Rigney Road,97719
122,Arley,90550 Florence Alley,53611
123,Patricio,36728 Cambridge Place,12385
124,Emmey,01745 Grim Terrace,28476
125,Shermie,9 Granby Street,2867
126,Arda,4651 Grim Drive,17733
127,Cindy,3601 Commercial Crossing,67125
128,Raff,37 Sloan Park,87242
129,Thaddeus,4231 Riverside Parkway,58569
130,Duke,3420 Lillian Center,37903
131,Kary,021 Gulseth Center,74216
132,Mikol,53 Cottonwood Way,88775
133,Debee,76 Blackbird Junction,30486
134,Corbie,78 Eggendart Point,36111
135,Ivy,5 Dryden Place,92438
136,Catlaina,67212 Russell Center,66220
137,Carlene,7 Main Way,50236
138,Oralia,6 Homewood Court,84855
139,Jerrie,267 Gateway Street,47667
140,Eimile,94177 Montana Place,82121
141,Carr,51384 Loomis Lane,60521
142,Gunar,7 Merry Place,70653
143,Torry,6 Saint Paul Lane,91375
144,Harli,28837 Service Park,19683
145,Cordell,959 Almo Drive,96008
146,Myer,82 Eagle Crest Parkway,27403
147,Alvan,41 Bunting Plaza,70100
148,Cassius,06 Oriole Place,7363
149,Karlis,2 Ridge Oak Terrace,24899
150,Lil,9 Ronald Regan Street,60139
151,Loreen,82859 Pleasure Crossing,77530
152,Anastasie,5 Magdeline Terrace,18618
153,Codie,13679 Merrick Alley,52164
154,Christy,7978 Roxbury Junction,78560
155,Adrien,9 Kedzie Parkway,66198
156,Marius,75587 Lyons Center,90796
157,Nata,18 Graedel Road,63909
158,Hilde,879 Sherman Avenue,91199
159,Thia,1756 Raven Center,28285
160,Geoffrey,81 Tony Alley,89299
161,Harmon,5 Village Circle,17097
162,Rutger,22019 Butterfield Way,32371
163,Gwenette,22 Bluejay Place,29769
164,Hayes,27797 Golf View Place,63632
165,Neda,69545 Mosinee Junction,34796
166,Marnia,40 Novick Lane,39813
167,Rebe,4 Arizona Plaza,97147
168,Pebrook,1 Muir Alley,7050
169,Carrissa,487 Aberg Crossing,52975
170,Beale,93 Wayridge Lane,78439
171,Florenza,0980 Old Shore Plaza,13666
172,Benjamin,0241 Carioca Terrace,97028
173,Josias,0301 Columbus Street,29657
174,Hugues,431 Katie Point,6313
175,Corenda,570 Magdeline Court,89803
176,Orville,4483 Messerschmidt Hill,92975
177,Beltran,01 Ridge Oak Circle,97161
178,Brandy,6853 Summer Ridge Junction,12334
179,Skye,64443 Barnett Trail,1816
180,Kirsti,22529 Lindbergh Alley,12116
181,Christalle,19 Doe Crossing Lane,49890
182,Merna,29606 East Place,54496
183,Jacklin,1720 Huxley Trail,8031
184,Rosette,5029 Tennyson Circle,11742
185,Deck,8261 Tomscot Road,1554
186,Guido,310 Oakridge Parkway,79683
187,Jermaine,36 Forest Street,45494
188,Ned,7 Dovetail Pass,78828
189,Althea,30 Elmside Circle,84097
190,Weber,71 Donald Center,5976
191,Erna,76 Roth Parkway,14734
192,Binni,1742 2nd Plaza,32445
193,Leanora,2 Schiller Place,35034
194,Jessika,02 Banding Parkway,63064
195,Cristen,7 Ryan Terrace,62708
196,Constancy,9 Truax Drive,53285
197,Ara,5309 Service Way,6071
198,Nana,93915 Messerschmidt Trail,28316
199,Benn,6 Lighthouse Bay Crossing,51129
200,Hart,8 Roth Park,48440
201,Bond,3 Atwood Road,73635
202,Hobey,374 Clarendon Lane,24304
203,Frasco,2 Milwaukee Plaza,62205
204,Chan,16 Sheridan Court,13079
205,Teddie,32 Dorton Point,58211
206,Chrisse,4327 Stephen Court,30987
207,Kristin,0720 Stone Corner Alley,24604
208,Natty,830 Northridge Street,51036
209,Dru,7210 Farwell Place,8173
210,Rayna,37 Nobel Court,36807
211,Wilt,437 Dexter Circle,95949
212,Heddie,6 Morning Parkway,14405
213,Dasi,449 Elmside Street,15045
214,Dal,4 Fordem Way,96714
215,Elysha,6160 Garrison Drive,57068
216,Whitby,8 Alpine Way,97191
217,Quint,53077 Eggendart Place,65314
218,Issi,303 Annamark Lane,75008
219,Florry,6 Amoth Parkway,44830
220,Garvey,085 Gale Place,97324
221,Micki,262 Fallview Junction,29673
222,Piotr,1424 Pepper Wood Pass,80294
223,Ed,717 Fairview Street,10670
224,Joni,198 Shelley Park,80734
225,Minerva,0 Barnett Park,79875
226,Arlen,4210 Ridge Oak Hill,90845
227,Anatole,11843 Cherokee Plaza,67824
228,Sabine,83 Summer Ridge Trail,7291
229,Siegfried,964 Stuart Terrace,57981
230,Colet,00 Hanson Terrace,45207
231,Inez,9 Harbort Terrace,54197
232,Theresita,25 Erie Road,31169
233,Giuseppe,9 Golf Course Center,26316
234,Collin,64156 Westport Pass,44439
235,Heinrick,927 Cody Pass,8776
236,Nat,45 Maryland Pass,79835
237,Erin,1 Debra Place,38292
238,Kaleena,47873 Artisan Drive,18364
239,Lorne,5 Everett Plaza,46543
240,Bendite,5 Comanche Circle,42759
241,Margareta,5631 Glendale Road,75640
242,Raoul,96 Donald Place,71544
243,Chandra,57 Bay Crossing,63286
244,Pembroke,6 Monica Pass,10089
245,Patton,3135 Londonderry Lane,67692
246,Alfons,9 Mcbride Plaza,95533
247,Eric,6 Browning Drive,50567
248,Theodoric,989 Paget Hill,90250
249,Coralie,79 New Castle Street,2353
250,Dasha,7697 Redwing Hill,24883
251,Nanette,98 6th Drive,48805
252,Jannel,659 Union Street,94704
253,Jori,7116 Northport Pass,60142
254,Vladamir,70727 Holy Cross Circle,82867
255,Donnajean,0859 Algoma Center,37550
256,Bernete,22 David Junction,20150
257,Farand,6 Delaware Drive,64208
258,Chariot,02713 Amoth Terrace,17032
259,Perrine,34170 Kings Trail,33890
260,Eugine,8152 Clove Terrace,41913
261,Freddy,4 Mesta Avenue,83513
262,Ginevra,184 Towne Point,79772
263,Sharity,5911 Claremont Lane,18408
264,Rodd,56 Saint Paul Avenue,27265
265,Fairlie,41 Cascade Avenue,11158
266,Cullie,000 Dovetail Junction,58472
267,Berti,381 Anzinger Hill,72852
268,Franny,2782 Delladonna Hill,68529
269,Bernardo,257 Golf Center,34591
270,Elane,8961 Roth Point,94112
271,Mariejeanne,3761 Maryland Hill,21819
272,Lauritz,52 Cascade Crossing,23874
273,Jonathan,054 Caliangt Place,37707
274,Leonid,48 Hayes Junction,77998
275,Salim,407 Fairview Place,95447
276,Merrile,36 Rusk Lane,90034
277,Gianina,1 Blackbird Pass,25468
278,Tracee,393 Bartelt Lane,88673
279,Edeline,15 Briar Crest Park,55135
280,Sigvard,86 Stone Corner Alley,2981
281,Daryl,8 Melody Trail,93284
282,Lydon,8892 Eastwood Trail,74326
283,Kennie,6552 Debra Alley,95956
284,Ginger,2 Parkside Terrace,33862
285,Darsey,3 Manufacturers Street,40422
286,Heidi,1259 North Junction,13517
287,Ruth,98538 Barby Street,3226
288,Benni,594 Debs Alley,45175
289,Adda,2692 5th Center,79987
290,Lisbeth,37 Onsgard Crossing,98662
291,Yorgos,07 Moulton Place,58587
292,Clarice,25063 Gerald Parkway,8079
293,Ermanno,20 Bunker Hill Pass,52114
294,Cully,838 Birchwood Park,1571
295,Arden,47 Cherokee Plaza,43148
296,Adair,0 Pine View Drive,89702
297,Nicolis,61 Eagle Crest Junction,1739
298,Jenny,57 Graceland Crossing,16134
299,Becki,6732 West Lane,56501
300,Aimil,0 Milwaukee Park,48922
301,Lind,11 Delladonna Terrace,17948
302,Abagail,5320 Macpherson Alley,58196
303,Leesa,1 Northland Lane,88244
304,Scott,1 Elka Point,41254
305,Rosella,378 Autumn Leaf Junction,50637
306,Davita,4 Atwood Road,65807
307,Milo,6960 Golf Drive,12571
308,Selena,4 Knutson Terrace,46819
309,Jaquenetta,824 Loeprich Park,87739
310,Orland,94 East Crossing,15922
311,Terrie,216 Rigney Way,48263
312,Cordy,2086 Mallard Lane,80635
313,Jany,9908 Del Mar Parkway,64097
314,Rad,677 Charing Cross Drive,12834
315,Thaxter,966 Jenna Crossing,50742
316,Lemuel,03 Bluestem Parkway,79232
317,Nerty,096 Garrison Circle,45983
318,Melisa,058 Crescent Oaks Alley,34324
319,Waverly,1638 Daystar Road,22219
320,Gibby,658 Dayton Place,28445
321,Enos,7281 Bellgrove Place,7095
322,Francisco,34034 Glendale Circle,4810
323,Lilly,2244 Monument Terrace,46157
324,Melva,91217 Graceland Circle,63501
325,Wake,801 8th Plaza,97323
326,Minni,33 Melby Place,82043
327,Remy,28117 Carpenter Hill,89950
328,Filippa,564 Golden Leaf Center,37381
329,Fayre,78979 6th Street,26221
330,Christabella,296 Veith Circle,83479
331,Bradford,8 Springview Avenue,67491
332,Milissent,0811 Killdeer Pass,38805
333,Gregoor,4740 Summer Ridge Street,86697
334,Sergeant,122 Kedzie Court,71827
335,Allis,9393 Tennessee Way,73525
336,Edi,8313 Clove Trail,92458
337,Quill,2 Roxbury Court,60176
338,Derrick,62 Paget Park,52633
339,Dannye,5778 Reindahl Street,22632
340,Victor,3 Farmco Street,57442
341,Piggy,68228 Forster Street,32981
342,Marie-ann,33 Lerdahl Circle,68151
343,Joelle,14 Jay Park,34391
344,Bebe,92374 Cody Park,91034
345,Domenic,9692 Troy Center,60812
346,Tildi,90700 Hagan Terrace,61303
347,Brita,2845 Oneill Hill,12598
348,Orelle,15 Eliot Court,7615
349,Towney,12 Steensland Point,4610
350,Nadiya,1219 Leroy Trail,56421
351,Raffaello,9981 Bunting Point,41895
352,Lizzy,47928 High Crossing Terrace,41634
353,Suzette,021 Old Gate Park,10682
354,Haleigh,2441 Northland Drive,41853
355,Corbett,83 Susan Park,48498
356,Trstram,7 Dorton Crossing,88422
357,Aida,9921 Clemons Center,36454
358,Eric,68 Harper Avenue,99556
359,Durante,182 Del Mar Place,26902
360,Karylin,6229 Everett Court,63192
361,Gustavo,8622 Division Court,89172
362,Abbie,3 Veith Parkway,11620
363,Sadye,695 Twin Pines Lane,52871
364,Jaime,90 Ryan Road,94684
365,Margarethe,83470 Iowa Park,88075
366,Bianca,36 Harbort Parkway,65482
367,Lazare,96671 Bluejay Trail,81620
368,Paola,4 Blaine Center,49432
369,Venus,5842 Pond Street,99067
370,Rosemarie,0 Forster Hill,87503
371,Riley,6125 Grim Lane,38111
372,Cecile,1531 Bowman Parkway,15487
373,Sylvester,783 Mosinee Avenue,6453
374,Darin,15 Porter Trail,8221
375,Dante,48 Summerview Court,44052
376,Renie,06 Morningstar Park,88345
377,Ralina,940 Debs Circle,59562
378,Ardis,5724 Mayer Plaza,51511
379,Adham,8 Kensington Road,36772
380,Shurlock,88909 Sullivan Street,92612
381,Odelinda,9 Declaration Junction,55105
382,Kym,6 Loftsgordon Alley,43344
383,Bruce,5311 Johnson Center,68178
384,Claybourne,2 Gerald Place,59583
385,Newton,6 Northridge Drive,72040
386,Angel,61 Oak Terrace,63983
387,Rosabel,5 Mayfield Junction,36760
388,Ado,54577 Loftsgordon Street,77925
389,Orran,82 Holy Cross Circle,79116
390,Egan,8383 Morrow Terrace,59279
391,Celka,6256 Schiller Center,5820
392,Claudette,6 Stoughton Parkway,62097
393,Gisela,16 Myrtle Pass,38324
394,Lissy,67824 Lake View Junction,6119
395,Niccolo,60035 Prentice Road,2740
396,Marty,2 Burrows Place,53942
397,Hershel,939 Melvin Circle,67010
398,Trina,2 Ruskin Avenue,20584
399,Stacy,9 Dunning Parkway,28304
400,Jilleen,8 Dayton Plaza,38040
401,Mersey,4833 Hazelcrest Point,92744
402,Devlin,99 Cordelia Circle,12727
403,Jayson,3 Hagan Avenue,39969
404,Hewet,61 Lindbergh Circle,10222
405,Kimbra,4308 Michigan Junction,45207
406,Conan,6416 Marcy Park,35533
407,Prissie,8 Mcguire Park,59190
408,Stepha,1 Delladonna Center,77398
409,Elmer,06695 Homewood Crossing,13471
410,Pen,25 Haas Lane,55375
411,Winny,15 Menomonie Hill,27256
412,Stephen,88 Farragut Road,56982
413,Titos,28 Forest Way,83676
414,Lay,3256 Florence Street,13551
415,Harwilll,849 Merchant Drive,40935
416,Brocky,685 Morningstar Terrace,12529
417,Reginauld,38557 Oriole Park,99490
418,Cathlene,37525 Elmside Terrace,43757
419,Ursula,663 Sloan Crossing,92739
420,Caril,7 International Hill,15135
421,Ashlee,870 Granby Road,30959
422,Janet,33822 Carberry Parkway,30501
423,Lauralee,9 Logan Plaza,31722
424,Jacquette,1818 Erie Crossing,8966
425,Catharine,069 Warner Hill,2197
426,Martelle,8200 Stuart Way,81436
427,Vic,47182 Bluejay Avenue,30664
428,Simonne,42293 Blaine Trail,34448
429,Daryle,9 Vera Way,35717
430,Kala,5520 Ramsey Avenue,80524
431,Waldon,62878 Sheridan Terrace,87114
432,Gertie,6 Sullivan Alley,81547
433,Harriett,8 Fordem Place,31220
434,Oberon,4434 Lyons Alley,665
435,Tamar,4 Fairview Avenue,52069
436,Reinald,69 Luster Junction,8088
437,Lesley,231 Hallows Center,86148
438,Lodovico,80 Sullivan Plaza,63261
439,Roderigo,7 South Place,79808
440,Faulkner,73333 Cody Hill,21851
441,Bar,522 Magdeline Point,22383
442,Perice,7991 Jenna Circle,91156
443,Teirtza,8 Merrick Place,6447
444,Galven,4 Portage Hill,83404
445,Jecho,926 Messerschmidt Alley,69935
446,Dilly,58 Main Pass,42050
447,Karissa,34 Bonner Pass,50942
448,Sollie,5745 Katie Pass,15613
449,Sharl,4578 Briar Crest Drive,6544
450,Jamesy,7 Welch Lane,84192
451,Eal,98 Sutherland Drive,42488
452,Aurora,5 Becker Crossing,86870
453,Laurene,04637 Messerschmidt Terrace,33310
454,Aleda,01239 Waubesa Road,97527
455,Wiley,74275 Pearson Parkway,74772
456,Devon,5 Evergreen Alley,26921
457,Ardisj,84 Texas Plaza,30972
458,Phineas,9 Columbus Point,25779
459,Filippa,4540 Bellgrove Court,97445
460,Giordano,12703 Center Crossing,16460
461,Korie,51894 Saint Paul Place,30857
462,Tracie,1966 Emmet Way,8148
463,Hiram,73 Annamark Avenue,8519
464,Aldridge,7619 6th Road,18941
465,Eulalie,5 Grasskamp Road,34468
466,Myrtice,80 Bonner Plaza,62309
467,Lorrie,0330 Schiller Avenue,82324
468,Jacklyn,322 Bartelt Pass,34872
469,Wiatt,8 Center Lane,57859
470,Stillman,2797 Pearson Point,2352
471,Kiley,1853 Merchant Point,74658
472,Cherri,74732 Reinke Trail,66875
473,Tomi,4 Macpherson Circle,87302
474,Orv,157 Pepper Wood Junction,76567
475,Fawne,05 Northridge Way,87915
476,Luke,5 Blaine Hill,54521
477,Frayda,971 Milwaukee Drive,16197
478,Etheline,7 Susan Way,17340
479,Keir,0 Dennis Circle,60020
480,Ahmed,196 Beilfuss Drive,74670
481,Carlos,01169 Erie Trail,51364
482,Ottilie,6 Old Gate Avenue,93220
483,Breanne,9 Kennedy Lane,99823
484,Clovis,604 Colorado Road,66101
485,Caryl,81 Cottonwood Junction,23626
486,Kelcy,85158 Jackson Lane,74794
487,Winthrop,6 John Wall Way,99581
488,Walt,0 Grover Alley,72440
489,Kathryn,2 Mockingbird Parkway,89137
490,Ursola,25 Nelson Circle,37504
491,Starlene,21 Lakewood Road,98752
492,Jenna,9006 Carey Street,33725
493,Camala,926 Novick Parkway,68870
494,Harlin,75109 Loftsgordon Point,87523
495,Edwina,1210 Jackson Trail,35095
496,Cynde,12 Glendale Street,91315
497,Iormina,8 Rowland Point,36362
498,Lorita,48476 Lakeland Crossing,94188
499,Mayne,50 Barnett Hill,93272
500,Reed,89 Maryland Court,18417
501,Archy,1 Reinke Point,38744
502,Georges,887 Manufacturers Parkway,51767
503,Cordula,42 Surrey Pass,359
504,Duffie,2308 Lighthouse Bay Drive,96989
505,Mano,3704 International Plaza,15905
506,Bentlee,5 Golf View Terrace,64583
507,Barnie,8 Eagan Lane,8087
508,Debee,1677 Raven Center,93645
509,Frannie,36586 Sage Road,43974
510,Yankee,981 Center Way,16783
511,Dayle,34521 Independence Alley,81011
512,Tonnie,62 Warbler Center,26748
513,Ingmar,7 Sherman Way,21970
514,Reinaldo,07625 Nelson Terrace,93295
515,Perrine,68 Fair Oaks Park,90400
516,Ethelyn,81 Bartillon Alley,21909
517,Mitzi,6 Gateway Center,4087
518,Henka,6 Artisan Circle,97722
519,Isac,29 Waubesa Court,69239
520,Maurizio,669 Fisk Circle,96522
521,Engelbert,28466 Rockefeller Park,16867
522,Donetta,01 Weeping Birch Drive,16532
523,Cookie,26 Dunning Terrace,35625
524,Bibbie,48 Redwing Plaza,8370
525,Des,81 Lerdahl Road,74183
526,Donni,249 Mifflin Trail,22485
527,Katey,96 Dottie Avenue,26280
528,Kamila,7707 Fieldstone Junction,93083
529,Alexi,43630 Iowa Road,73483
530,Zaccaria,3 Kingsford Junction,863
531,Florian,620 Sachtjen Junction,12020
532,Syman,683 Surrey Place,86677
533,Homerus,94 Hollow Ridge Trail,86985
534,Kordula,965 Eggendart Place,54270
535,Anna-diane,299 Kings Terrace,26814
536,Stephanie,2 Boyd Junction,34625
537,Rosalie,2 Pankratz Plaza,99243
538,Karna,96 Everett Point,65055
539,Leontine,461 Thackeray Place,78167
540,Fulton,9 Straubel Plaza,9460
541,Jeramey,2781 Marcy Drive,29735
542,Frankie,70641 Gerald Lane,82708
543,Janel,7705 Monica Street,81465
544,Dyana,54 Kingsford Court,71953
545,Charlot,29 Miller Junction,36850
546,Nessi,6 Bluejay Lane,32271
547,Alanna,53 Mcbride Avenue,30551
548,Lindsy,997 Reinke Avenue,4405
549,Misha,866 Ludington Circle,318
550,Melvin,778 Muir Center,40371
551,Julie,95 Pearson Pass,97733
552,Germayne,41 West Hill,46550
553,Theda,885 Stephen Circle,28988
554,Alair,9 Bay Alley,60464
555,Dougy,0 Sachtjen Plaza,53451
556,Danny,1263 Raven Park,97823
557,Junie,068 Mariners Cove Alley,75789
558,Keslie,611 Talisman Street,46500
559,Bartholemy,1061 Jana Street,44281
560,Othilie,9 Vernon Circle,17068
561,Karlene,266 Fieldstone Terrace,1406
562,Farrell,46344 La Follette Parkway,58481
563,Jermayne,111 Ilene Road,89698
564,Mic,857 Sheridan Terrace,20384
565,Judye,88 Victoria Avenue,58346
566,Neilla,69 Sheridan Parkway,22036
567,Clevie,135 Gulseth Trail,78200
568,Horton,09 Miller Avenue,70495
569,Franchot,69988 Sunnyside Crossing,95007
570,Felix,36 Rigney Street,59777
571,Carlyle,4368 Killdeer Junction,60481
572,Kylie,34311 Birchwood Way,80323
573,Tamara,55 Warrior Center,21453
574,Huntlee,00076 Hauk Drive,5664
575,Celeste,799 Debra Hill,12283
576,Michele,501 Tennyson Way,45643
577,Dalis,4376 Morningstar Circle,36879
578,Richardo,88 Fairview Court,50019
579,Vinnie,6693 Arrowood Avenue,74607
580,Hallie,14407 Bonner Drive,28807
581,Eveline,7 Morrow Place,84196
582,Annora,0015 Bunting Street,40480
583,Karmen,33930 Tony Way,65782
584,Crosby,4 Dawn Park,65536
585,Ursola,91 Del Mar Court,2729
586,Leonelle,192 Rutledge Trail,68267
587,Melicent,974 Fieldstone Alley,12170
588,Sol,15830 Jana Court,10493
589,Cly,78 Raven Road,46997
590,Renelle,9979 Prairieview Terrace,55950
591,Truda,4 Bowman Pass,5145
592,Evie,155 Cascade Junction,35672
593,Jamal,1392 Ryan Junction,31129
594,Peterus,7 Crownhardt Court,20045
595,Pinchas,9 Morrow Avenue,64725
596,Alexa,1031 Dottie Junction,15390
597,Jean,6230 Monterey Trail,24038
598,Abrahan,793 Center Terrace,73426
599,Waldon,2263 Sutherland Place,69138
600,Brander,1 Emmet Crossing,83977
601,Addie,80 Acker Way,89041
602,Tybie,637 Lillian Drive,61137
603,Scot,459 Waxwing Parkway,48157
604,Layla,9654 David Hill,53053
605,Helenka,22 Dovetail Crossing,17682
606,Kassandra,72953 East Circle,77515
607,Tibold,7406 Michigan Street,37810
608,Cordelie,4 Hanson Drive,14139
609,Glynnis,7212 Dexter Plaza,48645
610,Gena,9 Waubesa Road,84639
611,Wilie,66434 Buena Vista Place,39438
612,Zelda,798 Macpherson Park,30997
613,Berny,90718 Dovetail Trail,65133
614,Charlot,01356 Mallory Junction,10960
615,Berenice,3 Eagle Crest Court,16561
616,Clio,5925 Melody Hill,12644
617,Roana,54 Emmet Parkway,49150
618,Adey,628 Sugar Pass,44078
619,Arnold,5021 Hayes Parkway,23996
620,Maddy,1865 New Castle Pass,68537
621,Enrica,7211 Little Fleur Park,57442
622,Olympe,14 Fordem Road,58101
623,Candace,44101 Grasskamp Alley,92054
624,Mady,64692 Bayside Lane,23299
625,Gerik,8310 Continental Court,99992
626,Hermy,821 Summerview Hill,91059
627,Aubert,25950 Main Street,23385
628,Buckie,1 Monument Drive,7699
629,Vasili,45958 Maple Junction,420
630,Astrix,67882 Orin Place,64196
631,Lethia,28 Bellgrove Point,18866
632,Andee,170 Cherokee Parkway,77292
633,Lani,3 Pearson Point,10424
634,Faustina,425 Pond Pass,8950
635,Park,00 Orin Way,53349
636,Marinna,855 Clyde Gallagher Street,23106
637,Stormie,790 Superior Place,79549
638,Celinda,5387 Dennis Avenue,88749
639,Abbe,9 Autumn Leaf Drive,71657
640,Lenore,3 Stang Plaza,4515
641,Sibyl,92652 Huxley Avenue,68328
642,Licha,009 Pierstorff Terrace,87368
643,Ruttger,2 Packers Alley,50365
644,Gawain,80441 Trailsway Street,18948
645,Hunt,173 Elka Park,17145
646,Loutitia,0212 Arrowood Way,32061
647,Deonne,5 Morning Street,14848
648,June,6 Killdeer Crossing,17383
649,Eba,201 Morrow Pass,65412
650,Garry,837 Sheridan Park,91654
651,Gretal,1254 Mallory Place,91821
652,Lark,77799 Walton Park,35146
653,Ivett,65 Brickson Park Terrace,83622
654,Hyacinthie,173 Independence Avenue,43965
655,Harriot,29 Fulton Court,71853
656,Jeralee,93 Kedzie Park,81189
657,Kingston,1 5th Trail,53699
658,Wenona,2833 Haas Point,69769
659,Luke,16 New Castle Way,13708
660,Darbee,5 Karstens Place,20507
661,Angus,105 Hoffman Lane,70559
662,Raul,7 Elka Court,69734
663,Raul,4 Hagan Drive,80244
664,Maximo,01 Sunfield Lane,3679
665,Doy,0925 Everett Way,50661
666,Bert,8 Tomscot Court,70486
667,Gayler,3731 Goodland Circle,64371
668,Ruddie,8769 Scofield Lane,40824
669,Enoch,0 Briar Crest Street,41305
670,Enrique,18 Dahle Junction,81561
671,Ranna,534 Vermont Way,3996
672,Elroy,2523 Blaine Parkway,70226
673,Star,73 Clemons Alley,69004
674,Elayne,81617 Norway Maple Circle,17296
675,Camala,49 Pankratz Hill,94262
676,Flossy,900 Vernon Drive,87977
677,Bridgette,447 Nancy Court,80038
678,Ulrike,716 Miller Hill,69516
679,Tibold,89510 Stang Crossing,37223
680,Patience,4855 Bunker Hill Parkway,1485
681,Blondell,3873 Kennedy Road,94042
682,Wake,11 Muir Point,7509
683,Justis,27 Barby Trail,61596
684,Linet,5711 Eagle Crest Drive,49353
685,Aubine,3 Texas Alley,45579
686,Lanny,8 Garrison Park,60669
687,Dorisa,857 Saint Paul Crossing,65025
688,Ariela,252 Transport Drive,74006
689,Perle,5 7th Trail,7523
690,Quincy,69423 Helena Terrace,95994
691,Toby,73597 Moland Court,17509
692,Patrice,690 Quincy Street,70329
693,Belle,267 Del Sol Drive,44239
694,Ines,181 Hallows Terrace,64146
695,Kinnie,70 Steensland Lane,40818
696,Cassey,28 Jenna Center,8144
697,Holmes,95457 8th Road,31211
698,Karol,8 Lakewood Gardens Crossing,14309
699,Brit,4 Dorton Junction,44043
700,Eric,6675 Barnett Way,85331
701,Weber,0 Toban Way,26764
702,Herschel,3486 Harper Place,50884
703,Shauna,25797 Portage Trail,21579
704,Dal,73 Bashford Pass,63161
705,Chalmers,95 Warbler Way,42205
706,Sherri,65 Oak Valley Crossing,70973
707,Lanny,1 Buell Avenue,75592
708,Fredek,7 Kim Lane,58282
709,Bryant,84 Mcguire Crossing,83853
710,Franky,828 Florence Center,84088
711,Gwynne,212 Kinsman Pass,36500
712,Roley,3047 Redwing Lane,34008
713,Jacynth,728 Prentice Terrace,1058
714,Kala,5 Alpine Point,65729
715,Bennie,4 Bluejay Trail,1018
716,Stavros,18542 Derek Trail,38115
717,Ingunna,5390 Marquette Circle,18450
718,Kassandra,029 Mayer Lane,18425
719,Amelita,71 Milwaukee Way,30926
720,Martyn,654 Esch Terrace,66496
721,Cheslie,09 Roxbury Lane,33012
722,Sonia,583 1st Pass,81080
723,Skippy,11709 Nobel Trail,24301
724,Zelig,0 Dorton Parkway,64052
725,Ernesto,575 Namekagon Hill,32336
726,Wye,4 Schiller Way,7458
727,Billye,86 Banding Hill,63123
728,Falito,37 2nd Pass,99590
729,Delphine,44 Tomscot Way,81988
730,Madelina,47456 Armistice Plaza,38388
731,Brandy,037 Bultman Junction,80170
732,Deina,4 Sundown Park,60614
733,Frans,63114 Summit Center,97012
734,Sasha,3 Spohn Parkway,43625
735,Adelaide,27291 Mandrake Point,92612
736,Woodrow,0262 Badeau Avenue,64383
737,Dare,170 Grim Park,27435
738,Henri,999 Utah Court,25644
739,Gisella,90 Tennyson Trail,86193
740,Emmy,16813 Cordelia Center,75394
741,Hymie,75 Delaware Hill,70053
742,Christine,742 Prentice Terrace,86491
743,Hashim,77366 Lillian Lane,49521
744,Meade,46 Glendale Circle,10579
745,Elisha,2 Havey Lane,90432
746,Yoshi,2 Lakeland Court,82733
747,Jennifer,14 Summerview Trail,64573
748,Baily,514 Loeprich Lane,60762
749,Ilsa,6 Orin Road,99514
750,Rosalind,244 Delaware Court,21444
751,Carney,7537 Scoville Road,81587
752,Chicky,5 Havey Avenue,39077
753,Caye,7023 Lakewood Gardens Terrace,17271
754,Danya,5 Old Shore Park,37602
755,Cammy,2294 Menomonie Circle,77094
756,Monroe,4873 Karstens Avenue,10032
757,Clywd,0 Barby Way,80884
758,Gypsy,137 Birchwood Alley,53081
759,Bartolomeo,7 Michigan Court,63086
760,Briano,53998 Bartelt Crossing,23962
761,Helenka,85 Delladonna Trail,81675
762,Paton,23 Dottie Junction,13054
763,Wanda,8 Mallard Point,96742
764,Etienne,9132 Sloan Avenue,25860
765,Waldo,6081 Bluestem Terrace,26990
766,Micheil,90192 Susan Point,92769
767,Spense,38170 Independence Point,11900
768,Marieann,6934 Annamark Road,70988
769,Janina,327 Doe Crossing Terrace,30536
770,Zachary,86 Starling Junction,39504
771,Luis,8060 Waywood Junction,45148
772,Cesaro,52187 Crescent Oaks Alley,25358
773,Martita,302 Eggendart Avenue,58683
774,Olenolin,95 Northridge Hill,26324
775,Bellanca,3943 Dennis Place,14358
776,Opal,05 Stephen Road,73409
777,Rosemary,28461 Stuart Hill,30653
778,Jacenta,7 Lakewood Gardens Circle,92955
779,Mill,8634 Clyde Gallagher Alley,53115
780,Pammi,95 Fairview Parkway,34194
781,Willyt,200 Dexter Road,3406
782,Serge,42154 Riverside Lane,4009
783,Bondon,4670 Banding Center,1167
784,Pen,9994 Gateway Parkway,59258
785,Maribeth,572 Reinke Trail,6303
786,Raimund,13638 Glacier Hill Road,11575
787,Dosi,007 Di Loreto Court,36797
788,Pablo,860 Hintze Way,82762
789,Byrom,6 Kipling Terrace,94948
790,Arlen,5743 Fisk Trail,10036
791,Josi,9 Marcy Street,48803
792,Sheppard,69404 Canary Street,34913
793,Wallis,6171 Messerschmidt Junction,10710
794,Glenn,5344 Cardinal Terrace,44846
795,Erena,25210 Russell Center,1737
796,Ivett,741 Killdeer Court,10715
797,Deirdre,450 Bay Drive,73466
798,Ree,7990 Dovetail Center,61666
799,Grace,7 Crescent Oaks Terrace,3768
800,Web,6943 Helena Circle,23557
801,Tailor,89 Alpine Crossing,70359
802,Harry,0 Autumn Leaf Plaza,7482
803,Helaine,416 8th Road,33703
804,Marnia,7 Sutherland Terrace,64128
805,Andre,9 Shelley Parkway,84788
806,Veriee,5875 Crowley Alley,70250
807,Gilbertina,55 Anthes Lane,82771
808,Tammie,818 Valley Edge Parkway,70451
809,Aeriela,7745 Stoughton Pass,19055
810,Forest,89882 Pleasure Way,25903
811,Tab,70 Di Loreto Circle,84800
812,Jareb,7 Mariners Cove Hill,54469
813,Locke,925 Granby Drive,45973
814,Meta,9916 Logan Pass,63953
815,Myra,8167 Miller Junction,92155
816,Roscoe,82 Fairfield Crossing,69420
817,Catlee,1 Sutteridge Road,57062
818,Alisha,16332 High Crossing Park,16118
819,Lucila,2557 Dwight Park,73060
820,Sutton,8 American Ash Way,42959
821,Jayme,774 Summerview Road,4499
822,Fowler,4 Delaware Park,78040
823,Janette,6 Twin Pines Avenue,60919
824,Bambie,6 Menomonie Hill,27020
825,Teodoro,0 Parkside Court,68618
826,Jameson,267 Holmberg Way,71733
827,Aldin,2255 Meadow Valley Avenue,20502
828,Gabi,01832 Jackson Crossing,66037
829,Julina,8 Marquette Circle,45735
830,Salomo,84 Del Sol Pass,14206
831,Osmond,7181 Dahle Lane,2603
832,Glenda,57065 Dayton Road,15865
833,Hewie,2 Lien Parkway,62304
834,Aubrette,88 Colorado Terrace,34879
835,Ardisj,357 Susan Circle,14303
836,Claudianus,3830 Porter Pass,44279
837,Chrystal,78131 Pennsylvania Drive,98001
838,Baily,17549 Haas Lane,87266
839,Thorin,038 Village Green Plaza,38019
840,Guthrey,3 Briar Crest Lane,47648
841,Mariann,0942 Hansons Way,87638
842,Angela,12410 Shopko Trail,17459
843,Devonna,8637 Erie Parkway,69766
844,Davina,156 Northview Way,33151
845,Terry,522 Del Mar Avenue,29773
846,Muffin,48 Old Shore Point,94760
847,Davie,1 Sauthoff Place,44770
848,Mozes,66117 Jenifer Alley,71955
849,Eden,67771 Basil Pass,65542
850,Maryanna,392 Moose Park,86422
851,Adrianne,31 Laurel Place,91606
852,Rubin,13 Merchant Court,98939
853,Colan,91 Everett Center,74776
854,Aurilia,4 Porter Center,11409
855,Cherice,9403 Oak Junction,48272
856,Garek,04953 Melrose Pass,51784
857,Marcia,40503 Warner Trail,49765
858,Tucker,13 Northport Drive,8103
859,Avictor,190 Anderson Road,21676
860,Berton,1 Swallow Drive,72940
861,Carline,2 Nelson Alley,47612
862,Reeta,599 Pleasure Park,79543
863,Benedicto,11 Fairview Alley,96017
864,Florie,9 Schiller Junction,90446
865,See,292 Hallows Terrace,82905
866,Hulda,6730 Hollow Ridge Street,86148
867,Linoel,55737 International Road,67853
868,Crystal,249 Dapin Drive,81880
869,Carr,9 Elmside Road,46153
870,Gussi,9028 Bayside Court,78028
871,Bernard,3 Walton Park,73094
872,Demetre,9475 Golden Leaf Place,7039
873,Arlyn,5186 Ridgeview Circle,75855
874,Demetris,68 Village Green Court,60340
875,Shandy,0 Cambridge Hill,77616
876,Car,230 Hauk Road,36638
877,Prudence,4 Mcbride Drive,62866
878,Emalee,10779 Waxwing Court,24241
879,Celestina,51691 Havey Park,79171
880,Nils,3394 Rieder Parkway,1272
881,Marlane,6432 Loomis Hill,25000
882,Laurella,85 Porter Point,49478
883,Blanch,2 Thierer Place,55249
884,Trumann,16 Sauthoff Point,55559
885,Caresse,8 Dawn Circle,63190
886,Flori,93126 Westend Junction,60278
887,Noah,934 Graedel Court,50658
888,Arch,6 Eagan Alley,30456
889,Dyane,88775 Pond Trail,94014
890,Osbourne,656 4th Plaza,87521
891,Chryste,88114 Swallow Center,43979
892,Pennie,85 Kennedy Parkway,97904
893,Neils,508 Grasskamp Place,88133
894,Orlando,97 Judy Lane,27269
895,Lyndsie,1590 Bobwhite Circle,39995
896,Valina,983 Oriole Hill,89393
897,Auguste,314 Carpenter Center,51871
898,Carol-jean,9717 Blaine Road,36016
899,Maurie,2583 Roxbury Hill,4052
900,Sula,07 Southridge Park,17271
901,Olly,358 West Terrace,9622
902,Torrance,2221 Kedzie Parkway,57045
903,Charles,66 Mesta Plaza,81914
904,Carroll,0600 Prentice Point,80866
905,Earvin,1 Roxbury Plaza,52863
906,Dolores,8 Maywood Circle,74173
907,Pauly,8 Kropf Junction,15663
908,Korella,5 Kenwood Center,34765
909,Nicoli,11 Forster Way,48003
910,Moishe,7 New Castle Junction,91386
911,Alford,58038 Johnson Road,75806
912,Simmonds,47351 Rockefeller Parkway,59129
913,Stephine,95935 Sutherland Parkway,28329
914,Adrien,8719 East Crossing,53807
915,Stefa,768 Welch Circle,48207
916,Jennifer,757 Sheridan Hill,10110
917,Amelie,0024 Londonderry Hill,90074
918,Verne,103 Northland Road,9546
919,Chryste,63004 Cordelia Park,61221
920,Vernor,28845 Stuart Lane,80094
921,Stillman,91748 Lyons Crossing,39566
922,Winthrop,8 Fallview Hill,51933
923,Lory,1753 Almo Street,81175
924,Emelen,8009 Dexter Pass,71619
925,Randene,79889 Manley Terrace,37387
926,Aubrette,55242 Aberg Center,44702
927,Sherill,0 Upham Crossing,33265
928,Kellyann,6788 Sloan Circle,6667
929,Quinton,5 Hovde Hill,39256
930,Orren,0 Grasskamp Circle,82831
931,Delia,250 Columbus Avenue,45875
932,Sylvester,3759 Forest Dale Court,45971
933,Early,10 Morning Hill,30245
934,Tyler,1951 Laurel Place,86084
935,Gwenore,20 Independence Park,17668
936,Adele,110 Almo Drive,16494
937,Beatrisa,0896 Loomis Way,78075
938,Legra,417 Barby Park,63965
939,Suzette,0341 Merrick Court,86274
940,Amory,249 Kingsford Avenue,90134
941,Daria,6 Forest Dale Center,11649
942,Rainer,96 Sycamore Way,7430
943,Terrell,982 Golf Course Pass,91170
944,Daffi,21880 Kensington Terrace,86615
945,Em,40 Oriole Lane,40364
946,Robin,85 Dixon Center,24753
947,Virge,649 Leroy Avenue,19257
948,Madelina,0999 Shoshone Place,85540
949,Wye,073 Mallory Hill,39467
950,Jarad,728 Green Ridge Parkway,28385
951,Claudie,38 Gale Street,27225
952,Chuck,81563 Hansons Circle,78374
953,Chrisse,74 West Alley,56278
954,Mic,0 Crownhardt Way,34864
955,Morena,65825 Mayer Hill,50483
956,Ashla,14203 Kensington Pass,83389
957,Jesselyn,9323 Texas Street,168
958,Avrom,9917 Toban Street,50911
959,Emmy,6 Forest Hill,1236
960,Doreen,26 Lindbergh Parkway,96476
961,Sandra,42 Mayer Pass,9726
962,Des,680 Weeping Birch Crossing,67941
963,Stanwood,750 Warbler Street,12600
964,Lowell,15 Rusk Alley,55251
965,Hagen,77145 Havey Point,87909
966,Quinlan,3 Lunder Lane,62362
967,Antoni,56481 Del Mar Circle,52531
968,Julienne,5860 Gale Avenue,11496
969,Farrand,57 Paget Park,29714
970,Beaufort,4892 Columbus Park,63852
971,Horatio,3774 Crownhardt Point,8097
972,Cindelyn,4 Express Trail,53509
973,Manuel,13 Fisk Way,10710
974,Tybalt,82320 Superior Terrace,95214
975,Lyn,788 Magdeline Street,52300
976,Bibbie,367 Bay Place,75249
977,Sallyann,9810 American Ash Pass,43370
978,Zechariah,65155 Blaine Point,12492
979,Cris,77 Menomonie Lane,86365
980,Arny,704 North Drive,8649
981,Isac,870 Butternut Avenue,79533
982,Brande,82 Lakewood Gardens Street,2933
983,Chadd,2814 Norway Maple Alley,77318
984,Corbet,97856 Eliot Hill,6984
985,Frances,932 Merry Circle,87272
986,Raeann,6 Acker Parkway,93888
987,Pascal,62 Buhler Trail,7007
988,Lurette,1252 Maple Wood Street,39143
989,Antony,1844 Nelson Road,93798
990,Sibilla,50 Ruskin Pass,277
991,Ginger,0033 Boyd Way,95190
992,Allard,999 Carioca Crossing,74746
993,Jere,63 Havey Plaza,21046
994,Casar,9 Judy Circle,2130
995,Salvatore,46624 Boyd Crossing,36761
996,Ody,7707 Anniversary Center,1157
997,Normie,8 Bartillon Center,33901
998,Alverta,56 Glendale Plaza,27774
999,Tomlin,9101 Green Ridge Pass,98862
1000,Art,8588 Roth Place,12259
